2023-03-25 08:38:09,8a14e6af4b3d30f44f5831a2ddea4e22
2023-03-25 08:48:08,8a14e6af4b3d30f44f5831a2ddea4e22
2023-03-25 08:58:08,8a14e6af4b3d30f44f5831a2ddea4e22
2023-03-25 09:08:09,8a14e6af4b3d30f44f5831a2ddea4e22
2023-03-25 09:18:09,8a14e6af4b3d30f44f5831a2ddea4e22
2023-03-25 09:28:10,8a14e6af4b3d30f44f5831a2ddea4e22
2023-03-25 09:38:10,8a14e6af4b3d30f44f5831a2ddea4e22
2023-03-25 09:48:11,8a14e6af4b3d30f44f5831a2ddea4e22
2023-03-25 09:58:11,8a14e6af4b3d30f44f5831a2ddea4e22
2023-03-25 10:08:11,8a14e6af4b3d30f44f5831a2ddea4e22
2023-03-25 10:18:12,8a14e6af4b3d30f44f5831a2ddea4e22
2023-03-25 10:28:12,8a14e6af4b3d30f44f5831a2ddea4e22
2023-03-25 10:38:13,8a14e6af4b3d30f44f5831a2ddea4e22
2023-03-25 10:48:13,8a14e6af4b3d30f44f5831a2ddea4e22
2023-03-25 10:58:13,8a14e6af4b3d30f44f5831a2ddea4e22
2023-03-25 11:08:14,8a14e6af4b3d30f44f5831a2ddea4e22
2023-03-25 11:18:14,8a14e6af4b3d30f44f5831a2ddea4e22
2023-03-25 11:28:15,8a14e6af4b3d30f44f5831a2ddea4e22
2023-03-25 11:38:15,8a14e6af4b3d30f44f5831a2ddea4e22
2023-03-25 11:48:16,8a14e6af4b3d30f44f5831a2ddea4e22
2023-03-25 11:58:16,8a14e6af4b3d30f44f5831a2ddea4e22
2023-03-25 12:08:16,8a14e6af4b3d30f44f5831a2ddea4e22
2023-03-25 12:18:17,8a14e6af4b3d30f44f5831a2ddea4e22
2023-03-25 12:28:17,8a14e6af4b3d30f44f5831a2ddea4e22
2023-03-25 12:38:18,8a14e6af4b3d30f44f5831a2ddea4e22
2023-03-25 12:48:18,8a14e6af4b3d30f44f5831a2ddea4e22
2023-03-25 12:58:19,8a14e6af4b3d30f44f5831a2ddea4e22
2023-03-25 13:08:19,8a14e6af4b3d30f44f5831a2ddea4e22
2023-03-25 13:18:19,8a14e6af4b3d30f44f5831a2ddea4e22
2023-03-25 13:28:20,8a14e6af4b3d30f44f5831a2ddea4e22
2023-03-25 13:38:20,8a14e6af4b3d30f44f5831a2ddea4e22
2023-03-25 13:48:21,8a14e6af4b3d30f44f5831a2ddea4e22
2023-03-25 13:58:21,8a14e6af4b3d30f44f5831a2ddea4e22
2023-03-25 14:08:22,8a14e6af4b3d30f44f5831a2ddea4e22
2023-03-25 14:18:22,8a14e6af4b3d30f44f5831a2ddea4e22
2023-03-25 14:28:23,8a14e6af4b3d30f44f5831a2ddea4e22
2023-03-25 14:38:23,8a14e6af4b3d30f44f5831a2ddea4e22
2023-03-25 14:48:23,8a14e6af4b3d30f44f5831a2ddea4e22
2023-03-25 14:58:24,8a14e6af4b3d30f44f5831a2ddea4e22
2023-03-25 15:08:24,8a14e6af4b3d30f44f5831a2ddea4e22
2023-03-25 15:18:25,8a14e6af4b3d30f44f5831a2ddea4e22
2023-03-25 15:28:25,8a14e6af4b3d30f44f5831a2ddea4e22
2023-03-25 15:38:26,8a14e6af4b3d30f44f5831a2ddea4e22
2023-03-25 15:48:26,8a14e6af4b3d30f44f5831a2ddea4e22
2023-03-25 15:58:26,8a14e6af4b3d30f44f5831a2ddea4e22
2023-03-25 16:08:27,8a14e6af4b3d30f44f5831a2ddea4e22
2023-03-25 16:18:27,8a14e6af4b3d30f44f5831a2ddea4e22
2023-03-25 16:28:28,8a14e6af4b3d30f44f5831a2ddea4e22
2023-03-25 16:38:28,8a14e6af4b3d30f44f5831a2ddea4e22
2023-03-25 16:48:29,8a14e6af4b3d30f44f5831a2ddea4e22
2023-03-25 16:58:29,8a14e6af4b3d30f44f5831a2ddea4e22
2023-03-26 07:04:49,8a14e6af4b3d30f44f5831a2ddea4e22
2023-03-26 07:14:50,8a14e6af4b3d30f44f5831a2ddea4e22
2023-03-26 07:24:50,8a14e6af4b3d30f44f5831a2ddea4e22
2023-03-26 07:34:51,8a14e6af4b3d30f44f5831a2ddea4e22
2023-03-26 07:44:52,8a14e6af4b3d30f44f5831a2ddea4e22
2023-03-26 07:54:52,8a14e6af4b3d30f44f5831a2ddea4e22
2023-03-26 08:04:53,8a14e6af4b3d30f44f5831a2ddea4e22
2023-03-26 08:14:53,8a14e6af4b3d30f44f5831a2ddea4e22
2023-03-26 08:24:54,8a14e6af4b3d30f44f5831a2ddea4e22
2023-03-26 08:34:54,8a14e6af4b3d30f44f5831a2ddea4e22
2023-03-26 08:44:55,8a14e6af4b3d30f44f5831a2ddea4e22
2023-03-26 08:54:55,8a14e6af4b3d30f44f5831a2ddea4e22
2023-03-26 09:04:56,8a14e6af4b3d30f44f5831a2ddea4e22
2023-03-26 09:14:56,8a14e6af4b3d30f44f5831a2ddea4e22
2023-03-26 09:24:57,8a14e6af4b3d30f44f5831a2ddea4e22
2023-03-26 09:34:57,8a14e6af4b3d30f44f5831a2ddea4e22
2023-03-26 09:44:58,8a14e6af4b3d30f44f5831a2ddea4e22
2023-03-27 08:02:56,8a14e6af4b3d30f44f5831a2ddea4e22
2023-03-27 08:12:56,8a14e6af4b3d30f44f5831a2ddea4e22
2023-03-27 08:22:57,8a14e6af4b3d30f44f5831a2ddea4e22
2023-03-27 08:32:57,8a14e6af4b3d30f44f5831a2ddea4e22
2023-03-27 08:42:58,8a14e6af4b3d30f44f5831a2ddea4e22
2023-03-27 08:52:58,8a14e6af4b3d30f44f5831a2ddea4e22
2023-03-27 09:02:58,8a14e6af4b3d30f44f5831a2ddea4e22
2023-03-27 09:12:59,8a14e6af4b3d30f44f5831a2ddea4e22
2023-03-27 09:22:59,8a14e6af4b3d30f44f5831a2ddea4e22
2023-03-27 09:33:00,8a14e6af4b3d30f44f5831a2ddea4e22
2023-03-27 09:43:00,8a14e6af4b3d30f44f5831a2ddea4e22
2023-03-27 09:53:01,8a14e6af4b3d30f44f5831a2ddea4e22
2023-03-27 10:03:01,8a14e6af4b3d30f44f5831a2ddea4e22
2023-03-27 10:13:02,8a14e6af4b3d30f44f5831a2ddea4e22
2023-03-27 10:23:02,8a14e6af4b3d30f44f5831a2ddea4e22
2023-03-27 10:33:03,8a14e6af4b3d30f44f5831a2ddea4e22
2023-03-27 10:43:03,8a14e6af4b3d30f44f5831a2ddea4e22
2023-03-27 10:53:04,8a14e6af4b3d30f44f5831a2ddea4e22
2023-03-27 11:03:04,8a14e6af4b3d30f44f5831a2ddea4e22
2023-03-27 11:13:05,8a14e6af4b3d30f44f5831a2ddea4e22
2023-03-27 11:23:05,8a14e6af4b3d30f44f5831a2ddea4e22
2023-03-27 11:33:06,8a14e6af4b3d30f44f5831a2ddea4e22
2023-03-27 11:43:06,8a14e6af4b3d30f44f5831a2ddea4e22
2023-03-27 11:53:07,8a14e6af4b3d30f44f5831a2ddea4e22
2023-03-27 12:03:07,8a14e6af4b3d30f44f5831a2ddea4e22
2023-03-27 12:13:08,8a14e6af4b3d30f44f5831a2ddea4e22
2023-03-27 12:23:08,8a14e6af4b3d30f44f5831a2ddea4e22
2023-03-27 12:33:09,8a14e6af4b3d30f44f5831a2ddea4e22
2023-03-27 12:43:09,8a14e6af4b3d30f44f5831a2ddea4e22
2023-03-27 12:53:10,8a14e6af4b3d30f44f5831a2ddea4e22
2023-03-27 13:03:10,8a14e6af4b3d30f44f5831a2ddea4e22
2023-03-27 13:13:10,8a14e6af4b3d30f44f5831a2ddea4e22
2023-03-27 13:23:11,8a14e6af4b3d30f44f5831a2ddea4e22
2023-03-27 13:33:11,8a14e6af4b3d30f44f5831a2ddea4e22
2023-03-27 13:43:12,8a14e6af4b3d30f44f5831a2ddea4e22
2023-03-27 13:53:12,8a14e6af4b3d30f44f5831a2ddea4e22
2023-03-27 14:04:02,8a14e6af4b3d30f44f5831a2ddea4e22
2023-03-27 14:14:02,8a14e6af4b3d30f44f5831a2ddea4e22
2023-03-27 14:24:03,8a14e6af4b3d30f44f5831a2ddea4e22
2023-03-27 14:34:04,8a14e6af4b3d30f44f5831a2ddea4e22
2023-03-27 14:44:04,8a14e6af4b3d30f44f5831a2ddea4e22
2023-03-27 14:54:05,8a14e6af4b3d30f44f5831a2ddea4e22
2023-03-27 15:04:05,8a14e6af4b3d30f44f5831a2ddea4e22
2023-03-27 15:14:06,8a14e6af4b3d30f44f5831a2ddea4e22
2023-03-27 15:24:06,8a14e6af4b3d30f44f5831a2ddea4e22
2023-03-27 15:34:07,8a14e6af4b3d30f44f5831a2ddea4e22
2023-03-27 15:44:07,8a14e6af4b3d30f44f5831a2ddea4e22
2023-03-27 15:54:08,8a14e6af4b3d30f44f5831a2ddea4e22
2023-03-27 16:04:08,8a14e6af4b3d30f44f5831a2ddea4e22
2023-03-27 16:14:09,8a14e6af4b3d30f44f5831a2ddea4e22
2023-03-27 16:24:09,8a14e6af4b3d30f44f5831a2ddea4e22
2023-03-27 16:34:09,8a14e6af4b3d30f44f5831a2ddea4e22
2023-03-27 16:44:10,8a14e6af4b3d30f44f5831a2ddea4e22
2023-03-27 16:54:10,8a14e6af4b3d30f44f5831a2ddea4e22
2023-03-28 07:04:12,8a14e6af4b3d30f44f5831a2ddea4e22
2023-03-28 07:14:12,8a14e6af4b3d30f44f5831a2ddea4e22
2023-03-28 07:24:13,8a14e6af4b3d30f44f5831a2ddea4e22
2023-03-28 07:34:13,8a14e6af4b3d30f44f5831a2ddea4e22
2023-03-28 07:44:14,8a14e6af4b3d30f44f5831a2ddea4e22
2023-03-28 07:54:15,8a14e6af4b3d30f44f5831a2ddea4e22
2023-03-28 08:04:15,8a14e6af4b3d30f44f5831a2ddea4e22
2023-03-28 08:14:16,8a14e6af4b3d30f44f5831a2ddea4e22
2023-03-28 08:24:16,8a14e6af4b3d30f44f5831a2ddea4e22
2023-03-28 08:34:17,8a14e6af4b3d30f44f5831a2ddea4e22
2023-03-28 08:44:17,8a14e6af4b3d30f44f5831a2ddea4e22
2023-03-28 08:54:18,8a14e6af4b3d30f44f5831a2ddea4e22
2023-03-28 09:04:19,8a14e6af4b3d30f44f5831a2ddea4e22
2023-03-28 09:14:19,8a14e6af4b3d30f44f5831a2ddea4e22
2023-03-28 09:24:20,8a14e6af4b3d30f44f5831a2ddea4e22
2023-03-28 09:34:20,8a14e6af4b3d30f44f5831a2ddea4e22
2023-03-28 09:44:21,8a14e6af4b3d30f44f5831a2ddea4e22
2023-03-28 09:54:22,8a14e6af4b3d30f44f5831a2ddea4e22
2023-03-28 10:04:22,8a14e6af4b3d30f44f5831a2ddea4e22
2023-03-28 10:14:23,8a14e6af4b3d30f44f5831a2ddea4e22
2023-03-28 10:24:24,8a14e6af4b3d30f44f5831a2ddea4e22
2023-03-28 10:34:24,8a14e6af4b3d30f44f5831a2ddea4e22
2023-03-28 10:44:25,8a14e6af4b3d30f44f5831a2ddea4e22
2023-03-28 10:54:26,8a14e6af4b3d30f44f5831a2ddea4e22
2023-03-28 11:04:26,8a14e6af4b3d30f44f5831a2ddea4e22
2023-03-28 11:14:27,8a14e6af4b3d30f44f5831a2ddea4e22
2023-03-28 11:24:28,8a14e6af4b3d30f44f5831a2ddea4e22
2023-03-28 11:34:28,8a14e6af4b3d30f44f5831a2ddea4e22
2023-03-28 11:44:29,8a14e6af4b3d30f44f5831a2ddea4e22
2023-03-28 11:54:29,8a14e6af4b3d30f44f5831a2ddea4e22
2023-03-28 12:04:30,8a14e6af4b3d30f44f5831a2ddea4e22
2023-03-28 12:14:30,8a14e6af4b3d30f44f5831a2ddea4e22
2023-03-28 12:24:31,8a14e6af4b3d30f44f5831a2ddea4e22
2023-03-28 12:34:31,8a14e6af4b3d30f44f5831a2ddea4e22
2023-03-28 12:44:32,8a14e6af4b3d30f44f5831a2ddea4e22
2023-03-28 12:54:32,8a14e6af4b3d30f44f5831a2ddea4e22
2023-03-28 13:04:52,8a14e6af4b3d30f44f5831a2ddea4e22
2023-03-28 13:14:53,8a14e6af4b3d30f44f5831a2ddea4e22
2023-03-28 13:24:53,8a14e6af4b3d30f44f5831a2ddea4e22
2023-03-28 13:34:54,8a14e6af4b3d30f44f5831a2ddea4e22
2023-03-28 13:44:54,8a14e6af4b3d30f44f5831a2ddea4e22
2023-03-28 13:54:55,8a14e6af4b3d30f44f5831a2ddea4e22
2023-03-28 14:04:55,8a14e6af4b3d30f44f5831a2ddea4e22
2023-03-28 14:14:56,8a14e6af4b3d30f44f5831a2ddea4e22
2023-03-28 14:24:56,8a14e6af4b3d30f44f5831a2ddea4e22
2023-03-28 14:34:57,8a14e6af4b3d30f44f5831a2ddea4e22
2023-03-28 14:44:57,8a14e6af4b3d30f44f5831a2ddea4e22
2023-03-28 14:54:58,8a14e6af4b3d30f44f5831a2ddea4e22
2023-03-28 15:04:59,8a14e6af4b3d30f44f5831a2ddea4e22
2023-03-28 15:14:59,8a14e6af4b3d30f44f5831a2ddea4e22
2023-03-28 15:25:00,8a14e6af4b3d30f44f5831a2ddea4e22
2023-03-28 15:35:00,8a14e6af4b3d30f44f5831a2ddea4e22
2023-03-28 15:45:01,8a14e6af4b3d30f44f5831a2ddea4e22
2023-03-28 15:55:01,8a14e6af4b3d30f44f5831a2ddea4e22
2023-03-28 16:05:02,8a14e6af4b3d30f44f5831a2ddea4e22
2023-03-28 16:15:03,8a14e6af4b3d30f44f5831a2ddea4e22
2023-03-28 16:25:03,8a14e6af4b3d30f44f5831a2ddea4e22
2023-03-28 16:35:04,8a14e6af4b3d30f44f5831a2ddea4e22
2023-03-28 16:45:04,8a14e6af4b3d30f44f5831a2ddea4e22
2023-03-28 16:55:05,8a14e6af4b3d30f44f5831a2ddea4e22
2023-03-29 07:05:06,8a14e6af4b3d30f44f5831a2ddea4e22
2023-03-29 07:15:07,8a14e6af4b3d30f44f5831a2ddea4e22
2023-03-29 07:25:07,8a14e6af4b3d30f44f5831a2ddea4e22
2023-03-29 07:35:08,8a14e6af4b3d30f44f5831a2ddea4e22
2023-03-29 07:45:08,8a14e6af4b3d30f44f5831a2ddea4e22
2023-03-29 07:55:09,8a14e6af4b3d30f44f5831a2ddea4e22
2023-03-29 08:05:08,8a14e6af4b3d30f44f5831a2ddea4e22
2023-03-29 08:15:08,8a14e6af4b3d30f44f5831a2ddea4e22
2023-03-29 08:25:09,8a14e6af4b3d30f44f5831a2ddea4e22
2023-03-29 08:35:10,8a14e6af4b3d30f44f5831a2ddea4e22
2023-03-29 08:45:10,8a14e6af4b3d30f44f5831a2ddea4e22
2023-03-29 08:55:11,8a14e6af4b3d30f44f5831a2ddea4e22
2023-03-29 09:05:11,8a14e6af4b3d30f44f5831a2ddea4e22
2023-03-29 09:15:12,8a14e6af4b3d30f44f5831a2ddea4e22
2023-03-29 09:25:13,8a14e6af4b3d30f44f5831a2ddea4e22
2023-03-29 09:35:13,8a14e6af4b3d30f44f5831a2ddea4e22
2023-03-29 09:45:14,8a14e6af4b3d30f44f5831a2ddea4e22
2023-03-29 09:55:14,8a14e6af4b3d30f44f5831a2ddea4e22
2023-03-29 10:05:15,8a14e6af4b3d30f44f5831a2ddea4e22
2023-03-29 10:15:16,8a14e6af4b3d30f44f5831a2ddea4e22
2023-03-29 10:25:16,8a14e6af4b3d30f44f5831a2ddea4e22
2023-03-29 10:35:17,8a14e6af4b3d30f44f5831a2ddea4e22
2023-03-29 10:45:18,8a14e6af4b3d30f44f5831a2ddea4e22
2023-03-29 10:55:19,8a14e6af4b3d30f44f5831a2ddea4e22
2023-03-29 11:05:20,8a14e6af4b3d30f44f5831a2ddea4e22
2023-03-29 11:15:20,8a14e6af4b3d30f44f5831a2ddea4e22
2023-03-29 11:25:21,8a14e6af4b3d30f44f5831a2ddea4e22
2023-03-29 11:35:22,8a14e6af4b3d30f44f5831a2ddea4e22
2023-03-29 11:45:22,8a14e6af4b3d30f44f5831a2ddea4e22
2023-03-29 11:55:23,8a14e6af4b3d30f44f5831a2ddea4e22
2023-03-29 12:05:23,8a14e6af4b3d30f44f5831a2ddea4e22
2023-03-29 12:15:24,8a14e6af4b3d30f44f5831a2ddea4e22
2023-03-29 12:25:24,8a14e6af4b3d30f44f5831a2ddea4e22
2023-03-29 12:35:25,8a14e6af4b3d30f44f5831a2ddea4e22
2023-03-29 12:45:25,8a14e6af4b3d30f44f5831a2ddea4e22
2023-03-29 12:55:26,8a14e6af4b3d30f44f5831a2ddea4e22
2023-03-29 13:05:27,8a14e6af4b3d30f44f5831a2ddea4e22
2023-03-29 13:15:27,8a14e6af4b3d30f44f5831a2ddea4e22
2023-03-29 13:25:28,8a14e6af4b3d30f44f5831a2ddea4e22
2023-03-29 13:35:28,8a14e6af4b3d30f44f5831a2ddea4e22
2023-03-29 13:45:29,8a14e6af4b3d30f44f5831a2ddea4e22
2023-03-29 13:55:30,8a14e6af4b3d30f44f5831a2ddea4e22
2023-03-29 14:05:30,8a14e6af4b3d30f44f5831a2ddea4e22
2023-03-29 14:15:31,8a14e6af4b3d30f44f5831a2ddea4e22
2023-03-29 14:25:32,8a14e6af4b3d30f44f5831a2ddea4e22
2023-03-29 14:35:32,8a14e6af4b3d30f44f5831a2ddea4e22
2023-03-30 08:04:48,cb513dc505527fbac8d45b652aa89095
2023-03-30 08:14:49,cb513dc505527fbac8d45b652aa89095
2023-03-30 08:24:49,cb513dc505527fbac8d45b652aa89095
2023-03-30 08:34:50,cb513dc505527fbac8d45b652aa89095
2023-03-30 08:44:50,cb513dc505527fbac8d45b652aa89095
2023-03-30 08:54:51,cb513dc505527fbac8d45b652aa89095
2023-03-30 09:04:51,cb513dc505527fbac8d45b652aa89095
2023-03-30 09:14:52,cb513dc505527fbac8d45b652aa89095
2023-03-30 09:24:53,cb513dc505527fbac8d45b652aa89095
2023-03-30 09:34:53,cb513dc505527fbac8d45b652aa89095
2023-03-30 09:44:54,cb513dc505527fbac8d45b652aa89095
2023-03-30 09:54:54,cb513dc505527fbac8d45b652aa89095
2023-03-30 10:04:54,cb513dc505527fbac8d45b652aa89095
2023-03-30 10:14:55,cb513dc505527fbac8d45b652aa89095
2023-03-30 10:24:55,cb513dc505527fbac8d45b652aa89095
2023-03-30 10:34:56,cb513dc505527fbac8d45b652aa89095
2023-03-30 10:44:56,cb513dc505527fbac8d45b652aa89095
2023-03-30 10:54:57,cb513dc505527fbac8d45b652aa89095
2023-03-30 11:04:57,cb513dc505527fbac8d45b652aa89095
2023-03-30 11:14:58,cb513dc505527fbac8d45b652aa89095
2023-03-30 11:24:58,cb513dc505527fbac8d45b652aa89095
2023-03-30 11:34:59,cb513dc505527fbac8d45b652aa89095
2023-03-30 11:44:59,cb513dc505527fbac8d45b652aa89095
2023-03-30 11:55:00,cb513dc505527fbac8d45b652aa89095
2023-03-31 08:38:17,11c8186aeaf54e46a91ed32c568ed662
2023-03-31 08:48:17,11c8186aeaf54e46a91ed32c568ed662
2023-03-31 08:58:17,11c8186aeaf54e46a91ed32c568ed662
2023-03-31 09:08:18,11c8186aeaf54e46a91ed32c568ed662
2023-03-31 09:18:19,11c8186aeaf54e46a91ed32c568ed662
2023-03-31 09:28:19,11c8186aeaf54e46a91ed32c568ed662
2023-03-31 09:38:20,11c8186aeaf54e46a91ed32c568ed662
2023-03-31 09:48:20,11c8186aeaf54e46a91ed32c568ed662
2023-03-31 09:58:21,11c8186aeaf54e46a91ed32c568ed662
2023-03-31 10:08:21,11c8186aeaf54e46a91ed32c568ed662
2023-03-31 10:18:22,11c8186aeaf54e46a91ed32c568ed662
2023-03-31 10:28:22,11c8186aeaf54e46a91ed32c568ed662
2023-03-31 10:38:23,11c8186aeaf54e46a91ed32c568ed662
2023-03-31 10:48:23,11c8186aeaf54e46a91ed32c568ed662
2023-03-31 10:58:24,11c8186aeaf54e46a91ed32c568ed662
2023-03-31 11:08:24,11c8186aeaf54e46a91ed32c568ed662
2023-03-31 11:18:25,11c8186aeaf54e46a91ed32c568ed662
2023-03-31 11:28:25,11c8186aeaf54e46a91ed32c568ed662
2023-03-31 11:38:26,11c8186aeaf54e46a91ed32c568ed662
2023-03-31 11:48:26,11c8186aeaf54e46a91ed32c568ed662
2023-03-31 11:58:27,11c8186aeaf54e46a91ed32c568ed662
2023-03-31 12:08:28,11c8186aeaf54e46a91ed32c568ed662
2023-03-31 12:18:28,11c8186aeaf54e46a91ed32c568ed662
2023-03-31 12:28:28,11c8186aeaf54e46a91ed32c568ed662
2023-03-31 12:38:29,11c8186aeaf54e46a91ed32c568ed662
2023-03-31 12:48:30,11c8186aeaf54e46a91ed32c568ed662
2023-03-31 12:58:30,11c8186aeaf54e46a91ed32c568ed662
2023-03-31 13:08:31,11c8186aeaf54e46a91ed32c568ed662
2023-03-31 13:18:31,11c8186aeaf54e46a91ed32c568ed662
2023-03-31 13:28:32,11c8186aeaf54e46a91ed32c568ed662
2023-03-31 13:38:32,11c8186aeaf54e46a91ed32c568ed662
2023-03-31 13:48:33,11c8186aeaf54e46a91ed32c568ed662
2023-03-31 13:58:33,11c8186aeaf54e46a91ed32c568ed662
2023-03-31 14:08:34,11c8186aeaf54e46a91ed32c568ed662
2023-03-31 14:18:35,11c8186aeaf54e46a91ed32c568ed662
2023-03-31 14:28:35,11c8186aeaf54e46a91ed32c568ed662
2023-03-31 14:38:36,11c8186aeaf54e46a91ed32c568ed662
2023-03-31 14:48:36,11c8186aeaf54e46a91ed32c568ed662
2023-03-31 14:58:37,11c8186aeaf54e46a91ed32c568ed662
2023-03-31 15:08:37,11c8186aeaf54e46a91ed32c568ed662
2023-03-31 15:18:38,11c8186aeaf54e46a91ed32c568ed662
2023-03-31 15:28:38,11c8186aeaf54e46a91ed32c568ed662
2023-03-31 15:38:39,11c8186aeaf54e46a91ed32c568ed662
2023-03-31 15:48:40,11c8186aeaf54e46a91ed32c568ed662
2023-03-31 15:58:40,11c8186aeaf54e46a91ed32c568ed662
2023-03-31 16:08:41,11c8186aeaf54e46a91ed32c568ed662
2023-03-31 16:18:41,11c8186aeaf54e46a91ed32c568ed662
2023-03-31 16:28:42,11c8186aeaf54e46a91ed32c568ed662
2023-03-31 16:38:42,11c8186aeaf54e46a91ed32c568ed662
2023-03-31 16:48:43,11c8186aeaf54e46a91ed32c568ed662
2023-03-31 16:58:43,11c8186aeaf54e46a91ed32c568ed662
2023-04-01 07:08:45,11c8186aeaf54e46a91ed32c568ed662
2023-04-01 07:18:46,11c8186aeaf54e46a91ed32c568ed662
2023-04-01 07:28:46,11c8186aeaf54e46a91ed32c568ed662
2023-04-01 07:38:50,11c8186aeaf54e46a91ed32c568ed662
2023-04-01 07:48:50,11c8186aeaf54e46a91ed32c568ed662
2023-04-01 07:58:50,11c8186aeaf54e46a91ed32c568ed662
2023-04-01 08:08:51,11c8186aeaf54e46a91ed32c568ed662
2023-04-01 08:18:51,11c8186aeaf54e46a91ed32c568ed662
2023-04-01 08:28:52,11c8186aeaf54e46a91ed32c568ed662
2023-04-01 08:38:53,11c8186aeaf54e46a91ed32c568ed662
2023-04-01 08:48:53,11c8186aeaf54e46a91ed32c568ed662
2023-04-01 08:58:54,11c8186aeaf54e46a91ed32c568ed662
2023-04-01 09:08:54,11c8186aeaf54e46a91ed32c568ed662
2023-04-01 09:18:55,11c8186aeaf54e46a91ed32c568ed662
2023-04-01 09:28:55,11c8186aeaf54e46a91ed32c568ed662
2023-04-01 09:38:55,11c8186aeaf54e46a91ed32c568ed662
2023-04-01 09:48:56,11c8186aeaf54e46a91ed32c568ed662
2023-04-01 09:58:56,11c8186aeaf54e46a91ed32c568ed662
2023-04-01 10:08:57,11c8186aeaf54e46a91ed32c568ed662
2023-04-01 10:18:57,11c8186aeaf54e46a91ed32c568ed662
2023-04-01 10:28:58,11c8186aeaf54e46a91ed32c568ed662
2023-04-01 10:38:58,11c8186aeaf54e46a91ed32c568ed662
2023-04-01 10:48:59,11c8186aeaf54e46a91ed32c568ed662
2023-04-01 10:58:59,11c8186aeaf54e46a91ed32c568ed662
2023-04-01 11:09:00,11c8186aeaf54e46a91ed32c568ed662
2023-04-01 11:19:01,11c8186aeaf54e46a91ed32c568ed662
2023-04-01 11:29:01,11c8186aeaf54e46a91ed32c568ed662
2023-04-01 11:39:02,11c8186aeaf54e46a91ed32c568ed662
2023-04-01 11:49:02,11c8186aeaf54e46a91ed32c568ed662
2023-04-01 11:59:03,11c8186aeaf54e46a91ed32c568ed662
2023-04-01 12:09:03,11c8186aeaf54e46a91ed32c568ed662
2023-04-01 12:19:04,11c8186aeaf54e46a91ed32c568ed662
2023-04-01 12:29:04,11c8186aeaf54e46a91ed32c568ed662
2023-04-01 12:39:05,11c8186aeaf54e46a91ed32c568ed662
2023-04-01 12:49:05,11c8186aeaf54e46a91ed32c568ed662
2023-04-01 12:59:06,11c8186aeaf54e46a91ed32c568ed662
2023-04-01 13:09:06,11c8186aeaf54e46a91ed32c568ed662
2023-04-01 13:19:07,11c8186aeaf54e46a91ed32c568ed662
2023-04-01 13:29:07,11c8186aeaf54e46a91ed32c568ed662
2023-04-01 13:39:08,11c8186aeaf54e46a91ed32c568ed662
2023-04-01 13:49:08,11c8186aeaf54e46a91ed32c568ed662
2023-04-01 13:59:09,11c8186aeaf54e46a91ed32c568ed662
2023-04-01 14:09:09,11c8186aeaf54e46a91ed32c568ed662
2023-04-01 14:19:10,11c8186aeaf54e46a91ed32c568ed662
2023-04-01 14:29:10,11c8186aeaf54e46a91ed32c568ed662
2023-04-01 14:39:11,11c8186aeaf54e46a91ed32c568ed662
2023-04-01 14:49:11,11c8186aeaf54e46a91ed32c568ed662
2023-04-01 14:59:12,11c8186aeaf54e46a91ed32c568ed662
2023-04-01 15:09:12,11c8186aeaf54e46a91ed32c568ed662
2023-04-01 15:19:13,11c8186aeaf54e46a91ed32c568ed662
2023-04-01 15:29:13,11c8186aeaf54e46a91ed32c568ed662
2023-04-01 15:39:14,11c8186aeaf54e46a91ed32c568ed662
2023-04-01 15:49:14,11c8186aeaf54e46a91ed32c568ed662
2023-04-01 15:59:15,11c8186aeaf54e46a91ed32c568ed662
2023-04-01 16:09:15,11c8186aeaf54e46a91ed32c568ed662
2023-04-01 16:19:15,11c8186aeaf54e46a91ed32c568ed662
2023-04-01 16:29:16,11c8186aeaf54e46a91ed32c568ed662
2023-04-01 16:39:16,11c8186aeaf54e46a91ed32c568ed662
2023-04-01 16:49:17,11c8186aeaf54e46a91ed32c568ed662
2023-04-01 16:59:18,11c8186aeaf54e46a91ed32c568ed662
2023-04-02 07:09:19,11c8186aeaf54e46a91ed32c568ed662
2023-04-02 07:19:20,11c8186aeaf54e46a91ed32c568ed662
2023-04-02 07:29:20,11c8186aeaf54e46a91ed32c568ed662
2023-04-02 07:39:21,11c8186aeaf54e46a91ed32c568ed662
2023-04-02 07:49:21,11c8186aeaf54e46a91ed32c568ed662
2023-04-02 07:59:20,11c8186aeaf54e46a91ed32c568ed662
2023-04-02 08:09:21,11c8186aeaf54e46a91ed32c568ed662
2023-04-02 08:19:21,11c8186aeaf54e46a91ed32c568ed662
2023-04-02 08:29:22,11c8186aeaf54e46a91ed32c568ed662
2023-04-02 08:39:22,11c8186aeaf54e46a91ed32c568ed662
2023-04-02 08:49:23,11c8186aeaf54e46a91ed32c568ed662
2023-04-02 08:59:23,11c8186aeaf54e46a91ed32c568ed662
2023-04-02 09:09:24,11c8186aeaf54e46a91ed32c568ed662
2023-04-02 09:19:24,11c8186aeaf54e46a91ed32c568ed662
2023-04-02 09:29:25,11c8186aeaf54e46a91ed32c568ed662
2023-04-02 09:39:25,11c8186aeaf54e46a91ed32c568ed662
2023-04-02 09:49:26,11c8186aeaf54e46a91ed32c568ed662
2023-04-02 09:59:26,11c8186aeaf54e46a91ed32c568ed662
2023-04-02 10:09:27,11c8186aeaf54e46a91ed32c568ed662
2023-04-02 10:19:27,11c8186aeaf54e46a91ed32c568ed662
2023-04-02 10:29:28,11c8186aeaf54e46a91ed32c568ed662
2023-04-02 10:39:28,11c8186aeaf54e46a91ed32c568ed662
2023-04-02 10:49:29,11c8186aeaf54e46a91ed32c568ed662
2023-04-02 10:59:29,11c8186aeaf54e46a91ed32c568ed662
2023-04-02 11:09:30,11c8186aeaf54e46a91ed32c568ed662
2023-04-02 11:19:30,11c8186aeaf54e46a91ed32c568ed662
2023-04-02 11:29:31,11c8186aeaf54e46a91ed32c568ed662
2023-04-02 11:39:31,11c8186aeaf54e46a91ed32c568ed662
2023-04-02 11:49:32,11c8186aeaf54e46a91ed32c568ed662
2023-04-02 11:59:32,11c8186aeaf54e46a91ed32c568ed662
2023-04-02 12:09:33,11c8186aeaf54e46a91ed32c568ed662
2023-04-02 12:19:34,11c8186aeaf54e46a91ed32c568ed662
2023-04-02 12:29:34,11c8186aeaf54e46a91ed32c568ed662
2023-04-02 12:39:35,11c8186aeaf54e46a91ed32c568ed662
2023-04-02 12:49:35,11c8186aeaf54e46a91ed32c568ed662
2023-04-02 12:59:36,11c8186aeaf54e46a91ed32c568ed662
2023-04-02 13:09:36,11c8186aeaf54e46a91ed32c568ed662
2023-04-02 13:19:37,11c8186aeaf54e46a91ed32c568ed662
2023-04-02 13:29:37,11c8186aeaf54e46a91ed32c568ed662
2023-04-02 13:39:37,11c8186aeaf54e46a91ed32c568ed662
2023-04-02 13:49:38,11c8186aeaf54e46a91ed32c568ed662
2023-04-02 13:59:38,11c8186aeaf54e46a91ed32c568ed662
2023-04-02 14:09:39,11c8186aeaf54e46a91ed32c568ed662
2023-04-02 14:19:39,11c8186aeaf54e46a91ed32c568ed662
2023-04-02 14:29:40,11c8186aeaf54e46a91ed32c568ed662
2023-04-02 14:39:40,11c8186aeaf54e46a91ed32c568ed662
2023-04-02 14:49:41,11c8186aeaf54e46a91ed32c568ed662
2023-04-02 14:59:41,11c8186aeaf54e46a91ed32c568ed662
2023-04-02 15:09:42,11c8186aeaf54e46a91ed32c568ed662
2023-04-02 15:19:43,11c8186aeaf54e46a91ed32c568ed662
2023-04-02 15:29:43,11c8186aeaf54e46a91ed32c568ed662
2023-04-02 15:39:44,11c8186aeaf54e46a91ed32c568ed662
2023-04-02 15:49:44,11c8186aeaf54e46a91ed32c568ed662
2023-04-02 15:59:45,11c8186aeaf54e46a91ed32c568ed662
2023-04-02 16:09:45,11c8186aeaf54e46a91ed32c568ed662
2023-04-02 16:19:46,11c8186aeaf54e46a91ed32c568ed662
2023-04-02 16:29:46,11c8186aeaf54e46a91ed32c568ed662
2023-04-02 16:39:47,11c8186aeaf54e46a91ed32c568ed662
2023-04-02 16:49:47,11c8186aeaf54e46a91ed32c568ed662
2023-04-02 16:59:48,11c8186aeaf54e46a91ed32c568ed662
2023-04-03 07:09:49,11c8186aeaf54e46a91ed32c568ed662
2023-04-03 07:19:50,11c8186aeaf54e46a91ed32c568ed662
2023-04-03 07:29:50,11c8186aeaf54e46a91ed32c568ed662
2023-04-03 07:39:51,11c8186aeaf54e46a91ed32c568ed662
2023-04-03 07:49:51,11c8186aeaf54e46a91ed32c568ed662
2023-04-03 07:59:52,11c8186aeaf54e46a91ed32c568ed662
2023-04-03 08:09:52,11c8186aeaf54e46a91ed32c568ed662
2023-04-03 08:19:53,11c8186aeaf54e46a91ed32c568ed662
2023-04-03 08:29:53,11c8186aeaf54e46a91ed32c568ed662
2023-04-03 08:39:54,11c8186aeaf54e46a91ed32c568ed662
2023-04-03 08:49:54,11c8186aeaf54e46a91ed32c568ed662
2023-04-03 08:59:54,11c8186aeaf54e46a91ed32c568ed662
2023-04-03 09:09:55,11c8186aeaf54e46a91ed32c568ed662
2023-04-03 09:19:55,11c8186aeaf54e46a91ed32c568ed662
2023-04-03 09:29:56,11c8186aeaf54e46a91ed32c568ed662
2023-04-03 09:39:56,11c8186aeaf54e46a91ed32c568ed662
2023-04-03 09:49:57,11c8186aeaf54e46a91ed32c568ed662
2023-04-03 09:59:57,11c8186aeaf54e46a91ed32c568ed662
2023-04-03 10:09:58,11c8186aeaf54e46a91ed32c568ed662
2023-04-03 10:19:58,11c8186aeaf54e46a91ed32c568ed662
2023-04-03 10:29:59,11c8186aeaf54e46a91ed32c568ed662
2023-04-03 10:39:59,11c8186aeaf54e46a91ed32c568ed662
2023-04-03 10:50:00,11c8186aeaf54e46a91ed32c568ed662
2023-04-03 11:00:00,11c8186aeaf54e46a91ed32c568ed662
2023-04-03 11:10:01,11c8186aeaf54e46a91ed32c568ed662
2023-04-03 11:20:01,11c8186aeaf54e46a91ed32c568ed662
2023-04-03 11:30:02,11c8186aeaf54e46a91ed32c568ed662
2023-04-03 11:40:02,11c8186aeaf54e46a91ed32c568ed662
2023-04-03 11:50:03,11c8186aeaf54e46a91ed32c568ed662
2023-04-03 12:00:03,11c8186aeaf54e46a91ed32c568ed662
2023-04-03 12:10:04,11c8186aeaf54e46a91ed32c568ed662
2023-04-03 12:20:04,11c8186aeaf54e46a91ed32c568ed662
2023-04-03 12:30:05,11c8186aeaf54e46a91ed32c568ed662
2023-04-03 12:40:05,11c8186aeaf54e46a91ed32c568ed662
2023-04-03 12:50:06,11c8186aeaf54e46a91ed32c568ed662
2023-04-03 13:00:06,11c8186aeaf54e46a91ed32c568ed662
2023-04-03 13:10:07,11c8186aeaf54e46a91ed32c568ed662
2023-04-03 13:20:07,11c8186aeaf54e46a91ed32c568ed662
2023-04-03 13:30:08,11c8186aeaf54e46a91ed32c568ed662
2023-04-03 13:40:08,11c8186aeaf54e46a91ed32c568ed662
2023-04-03 13:50:09,11c8186aeaf54e46a91ed32c568ed662
2023-04-03 14:00:09,11c8186aeaf54e46a91ed32c568ed662
2023-04-03 14:10:10,11c8186aeaf54e46a91ed32c568ed662
2023-04-03 14:20:10,11c8186aeaf54e46a91ed32c568ed662
2023-04-03 14:30:10,11c8186aeaf54e46a91ed32c568ed662
2023-04-03 14:40:11,11c8186aeaf54e46a91ed32c568ed662
2023-04-03 14:50:11,11c8186aeaf54e46a91ed32c568ed662
2023-04-03 15:00:12,11c8186aeaf54e46a91ed32c568ed662
2023-04-03 15:10:12,11c8186aeaf54e46a91ed32c568ed662
2023-04-03 15:20:13,11c8186aeaf54e46a91ed32c568ed662
2023-04-03 15:30:13,11c8186aeaf54e46a91ed32c568ed662
2023-04-03 15:40:14,11c8186aeaf54e46a91ed32c568ed662
2023-04-03 15:50:14,11c8186aeaf54e46a91ed32c568ed662
2023-04-03 16:00:14,11c8186aeaf54e46a91ed32c568ed662
2023-04-03 16:10:15,11c8186aeaf54e46a91ed32c568ed662
2023-04-03 16:20:15,11c8186aeaf54e46a91ed32c568ed662
2023-04-03 16:30:16,11c8186aeaf54e46a91ed32c568ed662
2023-04-03 16:40:16,11c8186aeaf54e46a91ed32c568ed662
2023-04-03 16:50:17,11c8186aeaf54e46a91ed32c568ed662
2023-04-04 07:00:18,11c8186aeaf54e46a91ed32c568ed662
2023-04-04 07:10:19,11c8186aeaf54e46a91ed32c568ed662
2023-04-04 07:20:19,11c8186aeaf54e46a91ed32c568ed662
2023-04-04 07:30:20,11c8186aeaf54e46a91ed32c568ed662
2023-04-04 07:40:20,11c8186aeaf54e46a91ed32c568ed662
2023-04-04 07:50:21,11c8186aeaf54e46a91ed32c568ed662
2023-04-04 08:00:20,11c8186aeaf54e46a91ed32c568ed662
2023-04-04 08:10:21,11c8186aeaf54e46a91ed32c568ed662
2023-04-04 08:20:21,11c8186aeaf54e46a91ed32c568ed662
2023-04-04 08:30:21,11c8186aeaf54e46a91ed32c568ed662
2023-04-04 08:40:22,11c8186aeaf54e46a91ed32c568ed662
2023-04-04 08:50:33,11c8186aeaf54e46a91ed32c568ed662
2023-04-04 09:00:33,11c8186aeaf54e46a91ed32c568ed662
2023-04-04 09:10:34,11c8186aeaf54e46a91ed32c568ed662
2023-04-04 09:20:34,11c8186aeaf54e46a91ed32c568ed662
2023-04-04 09:30:35,11c8186aeaf54e46a91ed32c568ed662
2023-04-04 09:40:35,11c8186aeaf54e46a91ed32c568ed662
2023-04-04 09:50:36,11c8186aeaf54e46a91ed32c568ed662
2023-04-04 10:00:36,11c8186aeaf54e46a91ed32c568ed662
2023-04-04 10:10:37,11c8186aeaf54e46a91ed32c568ed662
2023-04-04 10:20:37,11c8186aeaf54e46a91ed32c568ed662
2023-04-04 10:30:38,11c8186aeaf54e46a91ed32c568ed662
2023-04-04 10:40:38,11c8186aeaf54e46a91ed32c568ed662
2023-04-04 10:50:39,11c8186aeaf54e46a91ed32c568ed662
2023-04-04 11:00:39,11c8186aeaf54e46a91ed32c568ed662
2023-04-04 11:10:40,11c8186aeaf54e46a91ed32c568ed662
2023-04-04 11:20:40,11c8186aeaf54e46a91ed32c568ed662
2023-04-04 11:30:41,11c8186aeaf54e46a91ed32c568ed662
2023-04-04 11:40:41,11c8186aeaf54e46a91ed32c568ed662
2023-04-04 11:50:42,11c8186aeaf54e46a91ed32c568ed662
2023-04-04 12:00:42,11c8186aeaf54e46a91ed32c568ed662
2023-04-04 12:10:43,11c8186aeaf54e46a91ed32c568ed662
2023-04-04 12:20:43,11c8186aeaf54e46a91ed32c568ed662
2023-04-04 12:30:44,11c8186aeaf54e46a91ed32c568ed662
2023-04-04 12:40:44,11c8186aeaf54e46a91ed32c568ed662
2023-04-04 12:50:45,11c8186aeaf54e46a91ed32c568ed662
2023-04-04 13:01:29,11c8186aeaf54e46a91ed32c568ed662
2023-04-04 13:11:30,11c8186aeaf54e46a91ed32c568ed662
2023-04-04 13:21:30,11c8186aeaf54e46a91ed32c568ed662
2023-04-04 13:31:31,11c8186aeaf54e46a91ed32c568ed662
2023-04-04 13:41:31,11c8186aeaf54e46a91ed32c568ed662
2023-04-04 13:51:31,11c8186aeaf54e46a91ed32c568ed662
2023-04-04 14:01:32,11c8186aeaf54e46a91ed32c568ed662
2023-04-04 14:11:32,11c8186aeaf54e46a91ed32c568ed662
2023-04-04 14:21:33,11c8186aeaf54e46a91ed32c568ed662
2023-04-04 14:31:33,11c8186aeaf54e46a91ed32c568ed662
2023-04-04 14:41:34,11c8186aeaf54e46a91ed32c568ed662
2023-04-04 14:51:34,11c8186aeaf54e46a91ed32c568ed662
2023-04-04 15:01:35,11c8186aeaf54e46a91ed32c568ed662
2023-04-04 15:11:35,11c8186aeaf54e46a91ed32c568ed662
2023-04-04 15:21:36,11c8186aeaf54e46a91ed32c568ed662
2023-04-04 15:31:36,11c8186aeaf54e46a91ed32c568ed662
2023-04-04 15:41:37,11c8186aeaf54e46a91ed32c568ed662
2023-04-06 10:08:23,209786b6b2924cabcb282f6b17449d29
2023-04-06 10:18:23,209786b6b2924cabcb282f6b17449d29
2023-04-06 10:28:24,209786b6b2924cabcb282f6b17449d29
2023-04-06 10:38:24,209786b6b2924cabcb282f6b17449d29
2023-04-06 10:48:25,209786b6b2924cabcb282f6b17449d29
2023-04-06 10:58:25,209786b6b2924cabcb282f6b17449d29
2023-04-06 11:08:26,209786b6b2924cabcb282f6b17449d29
2023-04-06 11:18:26,209786b6b2924cabcb282f6b17449d29
2023-04-06 11:28:27,209786b6b2924cabcb282f6b17449d29
2023-04-06 11:38:27,209786b6b2924cabcb282f6b17449d29
2023-04-06 11:48:28,209786b6b2924cabcb282f6b17449d29
2023-04-06 11:58:29,209786b6b2924cabcb282f6b17449d29
2023-04-06 12:08:29,209786b6b2924cabcb282f6b17449d29
2023-04-06 12:18:29,209786b6b2924cabcb282f6b17449d29
2023-04-06 12:28:30,209786b6b2924cabcb282f6b17449d29
2023-04-06 12:38:30,209786b6b2924cabcb282f6b17449d29
2023-04-06 12:48:31,209786b6b2924cabcb282f6b17449d29
2023-04-06 12:58:31,209786b6b2924cabcb282f6b17449d29
2023-04-06 13:08:32,209786b6b2924cabcb282f6b17449d29
2023-04-06 13:18:32,209786b6b2924cabcb282f6b17449d29
2023-04-06 13:28:33,209786b6b2924cabcb282f6b17449d29
2023-04-06 13:38:33,209786b6b2924cabcb282f6b17449d29
2023-04-06 13:48:34,209786b6b2924cabcb282f6b17449d29
2023-04-06 13:58:35,209786b6b2924cabcb282f6b17449d29
2023-04-06 14:08:35,209786b6b2924cabcb282f6b17449d29
2023-04-06 14:18:36,209786b6b2924cabcb282f6b17449d29
2023-04-06 14:28:36,209786b6b2924cabcb282f6b17449d29
2023-04-06 14:38:37,209786b6b2924cabcb282f6b17449d29
2023-04-06 14:48:37,209786b6b2924cabcb282f6b17449d29
2023-04-06 14:58:38,209786b6b2924cabcb282f6b17449d29
2023-04-06 15:08:38,209786b6b2924cabcb282f6b17449d29
2023-04-06 15:18:39,209786b6b2924cabcb282f6b17449d29
2023-04-06 15:28:39,209786b6b2924cabcb282f6b17449d29
2023-04-06 15:38:40,209786b6b2924cabcb282f6b17449d29
2023-04-06 15:48:40,209786b6b2924cabcb282f6b17449d29
2023-04-06 15:58:41,209786b6b2924cabcb282f6b17449d29
2023-04-06 16:08:42,209786b6b2924cabcb282f6b17449d29
2023-04-06 16:18:42,209786b6b2924cabcb282f6b17449d29
2023-04-06 16:28:43,209786b6b2924cabcb282f6b17449d29
2023-04-06 16:38:43,209786b6b2924cabcb282f6b17449d29
2023-04-06 16:48:44,209786b6b2924cabcb282f6b17449d29
2023-04-06 16:58:44,209786b6b2924cabcb282f6b17449d29
2023-04-07 07:08:46,209786b6b2924cabcb282f6b17449d29
2023-04-07 07:18:46,209786b6b2924cabcb282f6b17449d29
2023-04-07 07:28:47,209786b6b2924cabcb282f6b17449d29
2023-04-07 07:38:47,209786b6b2924cabcb282f6b17449d29
2023-04-07 07:48:48,209786b6b2924cabcb282f6b17449d29
2023-04-07 07:58:48,209786b6b2924cabcb282f6b17449d29
2023-04-07 08:08:49,209786b6b2924cabcb282f6b17449d29
2023-04-07 08:18:49,209786b6b2924cabcb282f6b17449d29
2023-04-07 08:28:50,209786b6b2924cabcb282f6b17449d29
2023-04-07 08:38:50,209786b6b2924cabcb282f6b17449d29
2023-04-07 08:48:51,209786b6b2924cabcb282f6b17449d29
2023-04-07 08:58:51,209786b6b2924cabcb282f6b17449d29
2023-04-07 09:08:52,209786b6b2924cabcb282f6b17449d29
2023-04-07 09:18:52,209786b6b2924cabcb282f6b17449d29
2023-04-07 09:28:54,209786b6b2924cabcb282f6b17449d29
2023-04-07 09:38:54,209786b6b2924cabcb282f6b17449d29
2023-04-07 09:48:55,209786b6b2924cabcb282f6b17449d29
2023-04-07 09:58:55,209786b6b2924cabcb282f6b17449d29
2023-04-07 10:08:56,209786b6b2924cabcb282f6b17449d29
2023-04-07 10:18:56,209786b6b2924cabcb282f6b17449d29
2023-04-07 10:28:57,209786b6b2924cabcb282f6b17449d29
2023-04-07 10:38:57,209786b6b2924cabcb282f6b17449d29
2023-04-07 10:48:58,209786b6b2924cabcb282f6b17449d29
2023-04-07 10:58:58,209786b6b2924cabcb282f6b17449d29
2023-04-07 11:08:59,209786b6b2924cabcb282f6b17449d29
2023-04-07 11:18:59,209786b6b2924cabcb282f6b17449d29
2023-04-07 11:29:00,209786b6b2924cabcb282f6b17449d29
2023-04-07 11:39:00,209786b6b2924cabcb282f6b17449d29
2023-04-07 11:49:01,209786b6b2924cabcb282f6b17449d29
2023-04-07 11:59:02,209786b6b2924cabcb282f6b17449d29
2023-04-07 12:09:02,209786b6b2924cabcb282f6b17449d29
2023-04-07 12:19:03,209786b6b2924cabcb282f6b17449d29
2023-04-07 12:29:03,209786b6b2924cabcb282f6b17449d29
2023-04-07 12:39:04,209786b6b2924cabcb282f6b17449d29
2023-04-07 12:49:05,209786b6b2924cabcb282f6b17449d29
2023-04-07 12:59:05,209786b6b2924cabcb282f6b17449d29
2023-04-07 13:09:06,209786b6b2924cabcb282f6b17449d29
2023-04-07 13:19:06,209786b6b2924cabcb282f6b17449d29
2023-04-07 13:29:07,209786b6b2924cabcb282f6b17449d29
2023-04-07 13:39:07,209786b6b2924cabcb282f6b17449d29
2023-04-07 13:49:08,209786b6b2924cabcb282f6b17449d29
2023-04-07 13:59:08,209786b6b2924cabcb282f6b17449d29
2023-04-07 14:09:09,209786b6b2924cabcb282f6b17449d29
2023-04-07 14:19:09,209786b6b2924cabcb282f6b17449d29
2023-04-07 14:29:10,209786b6b2924cabcb282f6b17449d29
2023-04-07 14:39:10,209786b6b2924cabcb282f6b17449d29
2023-04-07 14:49:11,209786b6b2924cabcb282f6b17449d29
2023-04-07 14:59:11,209786b6b2924cabcb282f6b17449d29
2023-04-07 15:09:12,209786b6b2924cabcb282f6b17449d29
2023-04-07 15:19:12,209786b6b2924cabcb282f6b17449d29
2023-04-07 15:29:13,209786b6b2924cabcb282f6b17449d29
2023-04-07 15:39:14,209786b6b2924cabcb282f6b17449d29
2023-04-07 15:49:14,209786b6b2924cabcb282f6b17449d29
2023-04-07 15:59:15,209786b6b2924cabcb282f6b17449d29
2023-04-07 16:09:15,209786b6b2924cabcb282f6b17449d29
2023-04-07 16:19:16,209786b6b2924cabcb282f6b17449d29
2023-04-07 16:29:17,209786b6b2924cabcb282f6b17449d29
2023-04-07 16:39:17,209786b6b2924cabcb282f6b17449d29
2023-04-07 16:49:18,209786b6b2924cabcb282f6b17449d29
2023-04-07 16:59:18,209786b6b2924cabcb282f6b17449d29
2023-04-08 07:09:20,209786b6b2924cabcb282f6b17449d29
2023-04-08 07:19:20,209786b6b2924cabcb282f6b17449d29
2023-04-08 07:29:21,209786b6b2924cabcb282f6b17449d29
2023-04-08 07:39:21,209786b6b2924cabcb282f6b17449d29
2023-04-08 07:49:22,209786b6b2924cabcb282f6b17449d29
2023-04-08 07:59:21,209786b6b2924cabcb282f6b17449d29
2023-04-08 08:09:22,209786b6b2924cabcb282f6b17449d29
2023-04-08 08:19:22,209786b6b2924cabcb282f6b17449d29
2023-04-08 08:29:30,209786b6b2924cabcb282f6b17449d29
2023-04-08 08:39:30,209786b6b2924cabcb282f6b17449d29
2023-04-08 08:49:31,209786b6b2924cabcb282f6b17449d29
2023-04-08 08:59:31,209786b6b2924cabcb282f6b17449d29
2023-04-08 09:09:31,209786b6b2924cabcb282f6b17449d29
2023-04-08 09:19:32,209786b6b2924cabcb282f6b17449d29
2023-04-08 09:29:32,209786b6b2924cabcb282f6b17449d29
2023-04-08 09:39:33,209786b6b2924cabcb282f6b17449d29
2023-04-08 09:49:33,209786b6b2924cabcb282f6b17449d29
2023-04-08 09:59:34,209786b6b2924cabcb282f6b17449d29
2023-04-08 10:09:34,209786b6b2924cabcb282f6b17449d29
2023-04-08 10:19:35,209786b6b2924cabcb282f6b17449d29
2023-04-08 10:29:35,209786b6b2924cabcb282f6b17449d29
2023-04-08 10:39:35,209786b6b2924cabcb282f6b17449d29
2023-04-08 10:49:36,209786b6b2924cabcb282f6b17449d29
2023-04-08 10:59:36,209786b6b2924cabcb282f6b17449d29
2023-04-08 11:09:37,209786b6b2924cabcb282f6b17449d29
2023-04-08 11:19:37,209786b6b2924cabcb282f6b17449d29
2023-04-08 11:29:38,209786b6b2924cabcb282f6b17449d29
2023-04-08 11:39:38,209786b6b2924cabcb282f6b17449d29
2023-04-08 11:49:39,209786b6b2924cabcb282f6b17449d29
2023-04-08 11:59:40,209786b6b2924cabcb282f6b17449d29
2023-04-08 12:09:40,209786b6b2924cabcb282f6b17449d29
2023-04-08 12:19:41,209786b6b2924cabcb282f6b17449d29
2023-04-08 12:29:41,209786b6b2924cabcb282f6b17449d29
2023-04-08 12:39:42,209786b6b2924cabcb282f6b17449d29
2023-04-08 12:49:42,209786b6b2924cabcb282f6b17449d29
2023-04-08 12:59:43,209786b6b2924cabcb282f6b17449d29
2023-04-08 13:09:43,209786b6b2924cabcb282f6b17449d29
2023-04-08 13:19:44,209786b6b2924cabcb282f6b17449d29
2023-04-08 13:29:44,209786b6b2924cabcb282f6b17449d29
2023-04-08 13:39:45,209786b6b2924cabcb282f6b17449d29
2023-04-08 13:49:45,209786b6b2924cabcb282f6b17449d29
2023-04-08 13:59:46,209786b6b2924cabcb282f6b17449d29
2023-04-08 14:09:46,209786b6b2924cabcb282f6b17449d29
2023-04-08 14:19:46,209786b6b2924cabcb282f6b17449d29
2023-04-08 14:29:47,209786b6b2924cabcb282f6b17449d29
2023-04-08 14:39:47,209786b6b2924cabcb282f6b17449d29
2023-04-08 14:49:48,209786b6b2924cabcb282f6b17449d29
2023-04-08 14:59:48,209786b6b2924cabcb282f6b17449d29
2023-04-08 15:09:49,209786b6b2924cabcb282f6b17449d29
2023-04-08 15:20:04,209786b6b2924cabcb282f6b17449d29
2023-04-08 15:30:08,209786b6b2924cabcb282f6b17449d29
2023-04-08 15:40:08,209786b6b2924cabcb282f6b17449d29
2023-04-08 15:50:09,209786b6b2924cabcb282f6b17449d29
2023-04-08 16:00:09,209786b6b2924cabcb282f6b17449d29
2023-04-08 16:10:10,209786b6b2924cabcb282f6b17449d29
2023-04-08 16:20:10,209786b6b2924cabcb282f6b17449d29
2023-04-08 16:30:11,209786b6b2924cabcb282f6b17449d29
2023-04-08 16:40:11,209786b6b2924cabcb282f6b17449d29
2023-04-08 16:50:12,209786b6b2924cabcb282f6b17449d29
2023-04-09 07:00:13,209786b6b2924cabcb282f6b17449d29
2023-04-09 07:10:14,209786b6b2924cabcb282f6b17449d29
2023-04-09 07:20:14,209786b6b2924cabcb282f6b17449d29
2023-04-09 07:30:15,209786b6b2924cabcb282f6b17449d29
2023-04-09 07:40:15,209786b6b2924cabcb282f6b17449d29
2023-04-09 07:50:16,209786b6b2924cabcb282f6b17449d29
2023-04-09 08:00:16,209786b6b2924cabcb282f6b17449d29
2023-04-09 08:10:17,209786b6b2924cabcb282f6b17449d29
2023-04-09 08:20:17,209786b6b2924cabcb282f6b17449d29
2023-04-09 08:30:18,209786b6b2924cabcb282f6b17449d29
2023-04-09 08:40:18,209786b6b2924cabcb282f6b17449d29
2023-04-09 08:50:18,209786b6b2924cabcb282f6b17449d29
2023-04-09 09:00:19,209786b6b2924cabcb282f6b17449d29
2023-04-09 09:10:19,209786b6b2924cabcb282f6b17449d29
2023-04-09 09:20:20,209786b6b2924cabcb282f6b17449d29
2023-04-09 09:30:20,209786b6b2924cabcb282f6b17449d29
2023-04-09 09:40:21,209786b6b2924cabcb282f6b17449d29
2023-04-09 09:50:21,209786b6b2924cabcb282f6b17449d29
2023-04-09 10:00:22,209786b6b2924cabcb282f6b17449d29
2023-04-09 10:10:22,209786b6b2924cabcb282f6b17449d29
2023-04-09 10:20:23,209786b6b2924cabcb282f6b17449d29
2023-04-09 10:30:23,209786b6b2924cabcb282f6b17449d29
2023-04-09 10:40:24,209786b6b2924cabcb282f6b17449d29
2023-04-09 10:50:24,209786b6b2924cabcb282f6b17449d29
2023-04-09 11:00:25,209786b6b2924cabcb282f6b17449d29
2023-04-09 11:10:25,209786b6b2924cabcb282f6b17449d29
2023-04-09 11:20:25,209786b6b2924cabcb282f6b17449d29
2023-04-09 11:30:26,209786b6b2924cabcb282f6b17449d29
2023-04-09 11:40:26,209786b6b2924cabcb282f6b17449d29
2023-04-09 11:50:27,209786b6b2924cabcb282f6b17449d29
2023-04-09 12:00:27,209786b6b2924cabcb282f6b17449d29
2023-04-09 12:10:28,209786b6b2924cabcb282f6b17449d29
2023-04-09 12:20:28,209786b6b2924cabcb282f6b17449d29
2023-04-09 12:30:28,209786b6b2924cabcb282f6b17449d29
2023-04-09 12:40:32,209786b6b2924cabcb282f6b17449d29
2023-04-09 12:50:32,209786b6b2924cabcb282f6b17449d29
2023-04-09 13:00:33,209786b6b2924cabcb282f6b17449d29
2023-04-09 13:10:33,209786b6b2924cabcb282f6b17449d29
2023-04-09 13:20:34,209786b6b2924cabcb282f6b17449d29
2023-04-09 13:30:34,209786b6b2924cabcb282f6b17449d29
2023-04-09 13:40:34,209786b6b2924cabcb282f6b17449d29
2023-04-09 13:50:35,209786b6b2924cabcb282f6b17449d29
2023-04-09 14:00:35,209786b6b2924cabcb282f6b17449d29
2023-04-09 14:10:36,209786b6b2924cabcb282f6b17449d29
2023-04-09 14:20:36,209786b6b2924cabcb282f6b17449d29
2023-04-09 14:30:37,209786b6b2924cabcb282f6b17449d29
2023-04-09 14:40:37,209786b6b2924cabcb282f6b17449d29
2023-04-09 14:50:37,209786b6b2924cabcb282f6b17449d29
2023-04-09 15:00:38,209786b6b2924cabcb282f6b17449d29
2023-04-09 15:10:38,209786b6b2924cabcb282f6b17449d29
2023-04-09 15:20:39,209786b6b2924cabcb282f6b17449d29
2023-04-09 15:30:39,209786b6b2924cabcb282f6b17449d29
2023-04-09 15:40:39,209786b6b2924cabcb282f6b17449d29
2023-04-09 15:50:40,209786b6b2924cabcb282f6b17449d29
2023-04-09 16:00:40,209786b6b2924cabcb282f6b17449d29
2023-04-09 16:10:41,209786b6b2924cabcb282f6b17449d29
2023-04-09 16:20:41,209786b6b2924cabcb282f6b17449d29
2023-04-09 16:30:42,209786b6b2924cabcb282f6b17449d29
2023-04-09 16:40:42,209786b6b2924cabcb282f6b17449d29
2023-04-09 16:50:42,209786b6b2924cabcb282f6b17449d29
2023-04-10 07:00:44,209786b6b2924cabcb282f6b17449d29
2023-04-10 07:10:44,209786b6b2924cabcb282f6b17449d29
2023-04-10 07:20:45,209786b6b2924cabcb282f6b17449d29
2023-04-10 07:30:45,209786b6b2924cabcb282f6b17449d29
2023-04-10 07:40:46,209786b6b2924cabcb282f6b17449d29
2023-04-10 07:50:46,209786b6b2924cabcb282f6b17449d29
2023-04-10 08:00:45,209786b6b2924cabcb282f6b17449d29
2023-04-10 08:10:46,209786b6b2924cabcb282f6b17449d29
2023-04-10 08:20:47,209786b6b2924cabcb282f6b17449d29
2023-04-10 08:30:47,209786b6b2924cabcb282f6b17449d29
2023-04-10 08:40:48,209786b6b2924cabcb282f6b17449d29
2023-04-10 08:50:48,209786b6b2924cabcb282f6b17449d29
2023-04-10 09:00:49,209786b6b2924cabcb282f6b17449d29
2023-04-10 09:10:49,209786b6b2924cabcb282f6b17449d29
2023-04-10 09:20:50,209786b6b2924cabcb282f6b17449d29
2023-04-10 09:30:50,209786b6b2924cabcb282f6b17449d29
2023-04-10 09:40:51,209786b6b2924cabcb282f6b17449d29
2023-04-10 09:50:51,209786b6b2924cabcb282f6b17449d29
2023-04-10 10:00:52,209786b6b2924cabcb282f6b17449d29
2023-04-10 10:10:52,209786b6b2924cabcb282f6b17449d29
2023-04-10 10:20:53,209786b6b2924cabcb282f6b17449d29
2023-04-10 10:30:53,209786b6b2924cabcb282f6b17449d29
2023-04-10 10:40:54,209786b6b2924cabcb282f6b17449d29
2023-04-10 10:50:54,209786b6b2924cabcb282f6b17449d29
2023-04-10 11:00:55,209786b6b2924cabcb282f6b17449d29
2023-04-10 11:10:58,209786b6b2924cabcb282f6b17449d29
2023-04-10 11:20:59,209786b6b2924cabcb282f6b17449d29
2023-04-10 11:30:59,209786b6b2924cabcb282f6b17449d29
2023-04-10 11:41:00,209786b6b2924cabcb282f6b17449d29
2023-04-10 11:51:00,209786b6b2924cabcb282f6b17449d29
2023-04-10 12:01:01,209786b6b2924cabcb282f6b17449d29
2023-04-10 12:11:01,209786b6b2924cabcb282f6b17449d29
2023-04-10 12:21:02,209786b6b2924cabcb282f6b17449d29
2023-04-10 12:31:02,209786b6b2924cabcb282f6b17449d29
2023-04-10 12:41:03,209786b6b2924cabcb282f6b17449d29
2023-04-10 12:51:03,209786b6b2924cabcb282f6b17449d29
2023-04-10 13:01:04,209786b6b2924cabcb282f6b17449d29
2023-04-10 13:11:04,209786b6b2924cabcb282f6b17449d29
2023-04-10 13:21:05,209786b6b2924cabcb282f6b17449d29
2023-04-10 13:31:06,209786b6b2924cabcb282f6b17449d29
2023-04-10 13:41:07,209786b6b2924cabcb282f6b17449d29
2023-04-10 13:51:07,209786b6b2924cabcb282f6b17449d29
2023-04-10 14:01:08,209786b6b2924cabcb282f6b17449d29
2023-04-10 14:11:08,209786b6b2924cabcb282f6b17449d29
2023-04-10 14:21:09,209786b6b2924cabcb282f6b17449d29
2023-04-10 14:31:09,209786b6b2924cabcb282f6b17449d29
2023-04-10 14:41:10,209786b6b2924cabcb282f6b17449d29
2023-04-10 14:51:10,209786b6b2924cabcb282f6b17449d29
2023-04-10 15:01:11,209786b6b2924cabcb282f6b17449d29
2023-04-10 15:11:12,209786b6b2924cabcb282f6b17449d29
2023-04-10 15:21:12,209786b6b2924cabcb282f6b17449d29
2023-04-10 15:31:13,209786b6b2924cabcb282f6b17449d29
2023-04-10 15:41:13,209786b6b2924cabcb282f6b17449d29
2023-04-10 15:51:14,209786b6b2924cabcb282f6b17449d29
2023-04-10 16:01:14,209786b6b2924cabcb282f6b17449d29
2023-04-10 16:11:15,209786b6b2924cabcb282f6b17449d29
2023-04-10 16:21:16,209786b6b2924cabcb282f6b17449d29
2023-04-10 16:31:16,209786b6b2924cabcb282f6b17449d29
2023-04-10 16:41:17,209786b6b2924cabcb282f6b17449d29
2023-04-10 16:51:18,209786b6b2924cabcb282f6b17449d29
2023-04-11 07:01:19,209786b6b2924cabcb282f6b17449d29
2023-04-11 07:11:20,209786b6b2924cabcb282f6b17449d29
2023-04-11 07:21:20,209786b6b2924cabcb282f6b17449d29
2023-04-11 07:31:21,209786b6b2924cabcb282f6b17449d29
2023-04-11 07:41:21,209786b6b2924cabcb282f6b17449d29
2023-04-11 07:51:22,209786b6b2924cabcb282f6b17449d29
2023-04-11 08:01:23,209786b6b2924cabcb282f6b17449d29
2023-04-11 08:11:23,209786b6b2924cabcb282f6b17449d29
2023-04-11 08:21:24,209786b6b2924cabcb282f6b17449d29
2023-04-11 08:31:25,209786b6b2924cabcb282f6b17449d29
2023-04-11 08:41:26,209786b6b2924cabcb282f6b17449d29
2023-04-11 08:51:27,209786b6b2924cabcb282f6b17449d29
2023-04-11 09:01:27,209786b6b2924cabcb282f6b17449d29
2023-04-11 09:11:28,209786b6b2924cabcb282f6b17449d29
2023-04-11 09:21:29,209786b6b2924cabcb282f6b17449d29
2023-04-11 09:31:29,209786b6b2924cabcb282f6b17449d29
2023-04-11 09:41:30,209786b6b2924cabcb282f6b17449d29
2023-04-11 09:51:30,209786b6b2924cabcb282f6b17449d29
2023-04-11 10:01:31,209786b6b2924cabcb282f6b17449d29
2023-04-11 10:11:32,209786b6b2924cabcb282f6b17449d29
2023-04-11 10:21:32,209786b6b2924cabcb282f6b17449d29
2023-04-11 10:31:33,209786b6b2924cabcb282f6b17449d29
2023-04-11 10:41:33,209786b6b2924cabcb282f6b17449d29
2023-04-11 10:51:34,209786b6b2924cabcb282f6b17449d29
2023-04-11 11:01:35,209786b6b2924cabcb282f6b17449d29
2023-04-11 11:11:35,209786b6b2924cabcb282f6b17449d29
2023-04-11 11:21:36,209786b6b2924cabcb282f6b17449d29
2023-04-11 11:31:36,209786b6b2924cabcb282f6b17449d29
2023-04-11 11:41:37,209786b6b2924cabcb282f6b17449d29
2023-04-11 11:51:38,209786b6b2924cabcb282f6b17449d29
2023-04-11 12:01:38,209786b6b2924cabcb282f6b17449d29
2023-04-11 12:11:39,209786b6b2924cabcb282f6b17449d29
2023-04-11 12:21:40,209786b6b2924cabcb282f6b17449d29
2023-04-11 12:31:40,209786b6b2924cabcb282f6b17449d29
2023-04-11 12:41:41,209786b6b2924cabcb282f6b17449d29
2023-04-11 12:51:42,209786b6b2924cabcb282f6b17449d29
2023-04-11 13:01:42,209786b6b2924cabcb282f6b17449d29
2023-04-11 13:11:43,209786b6b2924cabcb282f6b17449d29
2023-04-11 13:21:43,209786b6b2924cabcb282f6b17449d29
2023-04-11 13:31:44,209786b6b2924cabcb282f6b17449d29
2023-04-11 13:41:50,209786b6b2924cabcb282f6b17449d29
2023-04-11 13:51:51,209786b6b2924cabcb282f6b17449d29
2023-04-11 14:01:52,209786b6b2924cabcb282f6b17449d29
2023-04-11 14:11:52,209786b6b2924cabcb282f6b17449d29
2023-04-11 14:21:53,209786b6b2924cabcb282f6b17449d29
2023-04-11 14:31:53,209786b6b2924cabcb282f6b17449d29
2023-04-11 14:41:54,209786b6b2924cabcb282f6b17449d29
2023-04-11 14:51:55,209786b6b2924cabcb282f6b17449d29
2023-04-11 15:01:55,209786b6b2924cabcb282f6b17449d29
2023-04-11 15:11:56,209786b6b2924cabcb282f6b17449d29
2023-04-11 15:21:56,209786b6b2924cabcb282f6b17449d29
2023-04-11 15:31:57,209786b6b2924cabcb282f6b17449d29
2023-04-11 15:41:58,209786b6b2924cabcb282f6b17449d29
2023-04-11 15:51:58,209786b6b2924cabcb282f6b17449d29
2023-04-11 16:01:59,209786b6b2924cabcb282f6b17449d29
2023-04-11 16:12:00,209786b6b2924cabcb282f6b17449d29
2023-04-11 16:22:00,209786b6b2924cabcb282f6b17449d29
2023-04-11 16:32:01,209786b6b2924cabcb282f6b17449d29
2023-04-11 16:42:02,209786b6b2924cabcb282f6b17449d29
2023-04-11 16:54:52,209786b6b2924cabcb282f6b17449d29
2023-04-12 07:04:53,209786b6b2924cabcb282f6b17449d29
2023-04-12 07:14:54,209786b6b2924cabcb282f6b17449d29
2023-04-12 07:24:54,209786b6b2924cabcb282f6b17449d29
2023-04-12 07:34:55,209786b6b2924cabcb282f6b17449d29
2023-04-12 07:44:55,209786b6b2924cabcb282f6b17449d29
2023-04-12 07:54:56,209786b6b2924cabcb282f6b17449d29
2023-04-12 08:04:56,209786b6b2924cabcb282f6b17449d29
2023-04-12 08:14:55,209786b6b2924cabcb282f6b17449d29
2023-04-12 08:24:56,209786b6b2924cabcb282f6b17449d29
2023-04-12 08:34:56,209786b6b2924cabcb282f6b17449d29
2023-04-12 08:44:57,209786b6b2924cabcb282f6b17449d29
2023-04-12 08:54:57,209786b6b2924cabcb282f6b17449d29
2023-04-12 09:04:58,209786b6b2924cabcb282f6b17449d29
2023-04-12 09:14:59,209786b6b2924cabcb282f6b17449d29
2023-04-12 09:24:59,209786b6b2924cabcb282f6b17449d29
2023-04-12 09:35:00,209786b6b2924cabcb282f6b17449d29
2023-04-12 09:45:00,209786b6b2924cabcb282f6b17449d29
2023-04-12 09:55:01,209786b6b2924cabcb282f6b17449d29
2023-04-12 10:05:01,209786b6b2924cabcb282f6b17449d29
2023-04-12 10:15:02,209786b6b2924cabcb282f6b17449d29
2023-04-12 10:25:02,209786b6b2924cabcb282f6b17449d29
2023-04-12 10:35:03,209786b6b2924cabcb282f6b17449d29
2023-04-12 10:45:03,209786b6b2924cabcb282f6b17449d29
2023-04-12 10:55:05,209786b6b2924cabcb282f6b17449d29
2023-04-12 11:05:06,209786b6b2924cabcb282f6b17449d29
2023-04-12 11:15:06,209786b6b2924cabcb282f6b17449d29
2023-04-12 11:25:07,209786b6b2924cabcb282f6b17449d29
2023-04-12 11:35:07,209786b6b2924cabcb282f6b17449d29
2023-04-12 11:45:08,209786b6b2924cabcb282f6b17449d29
2023-04-12 11:55:08,209786b6b2924cabcb282f6b17449d29
2023-04-12 12:05:09,209786b6b2924cabcb282f6b17449d29
2023-04-12 12:15:09,209786b6b2924cabcb282f6b17449d29
2023-04-12 12:25:10,209786b6b2924cabcb282f6b17449d29
2023-04-12 12:35:10,209786b6b2924cabcb282f6b17449d29
2023-04-12 12:45:11,209786b6b2924cabcb282f6b17449d29
2023-04-12 12:55:11,209786b6b2924cabcb282f6b17449d29
2023-04-12 13:05:12,209786b6b2924cabcb282f6b17449d29
2023-04-12 13:15:12,209786b6b2924cabcb282f6b17449d29
2023-04-12 13:25:13,209786b6b2924cabcb282f6b17449d29
2023-04-12 13:35:13,209786b6b2924cabcb282f6b17449d29
2023-04-12 13:45:14,209786b6b2924cabcb282f6b17449d29
2023-04-12 13:55:14,209786b6b2924cabcb282f6b17449d29
2023-04-12 14:05:15,209786b6b2924cabcb282f6b17449d29
2023-04-12 14:15:15,209786b6b2924cabcb282f6b17449d29
2023-04-12 14:25:15,209786b6b2924cabcb282f6b17449d29
2023-04-12 14:35:16,209786b6b2924cabcb282f6b17449d29
2023-04-12 14:45:17,209786b6b2924cabcb282f6b17449d29
2023-04-12 14:55:17,209786b6b2924cabcb282f6b17449d29
2023-04-12 15:05:18,209786b6b2924cabcb282f6b17449d29
2023-04-12 15:15:18,209786b6b2924cabcb282f6b17449d29
2023-04-12 15:25:19,209786b6b2924cabcb282f6b17449d29
2023-04-12 15:35:19,209786b6b2924cabcb282f6b17449d29
2023-04-12 15:45:20,209786b6b2924cabcb282f6b17449d29
2023-04-12 15:55:20,209786b6b2924cabcb282f6b17449d29
2023-04-12 16:05:21,209786b6b2924cabcb282f6b17449d29
2023-04-12 16:15:21,209786b6b2924cabcb282f6b17449d29
2023-04-12 16:25:22,209786b6b2924cabcb282f6b17449d29
2023-04-12 16:35:23,209786b6b2924cabcb282f6b17449d29
2023-04-12 16:45:23,209786b6b2924cabcb282f6b17449d29
2023-04-12 16:55:24,209786b6b2924cabcb282f6b17449d29
